issue,created_at,sample_size,p_large,p_small,p_red,p_green,p_violet,side_pick,side_probability,confidence_label,regime_label,data_health,drift_score,calibration_ece,actual_number,resolved_at,weights_json
202609252727,2026-09-25T22:43:24+07:00,100,0.5238383838383839,0.4761616161616161,0.5031818181818182,0.4968181818181818,0.19333838383838384,Lớn,0.5238383838383839,EXPERIMENTAL,BALANCED,OK,0.07186342327805947,0.0,5,2026-09-25T22:43:53+07:00,"{""rolling"": 0.3333333333333333, ""markov1"": 0.26666666666666666, ""markov2"": 0.24, ""markov3"": 0.16}"
202609252728,2026-09-25T22:43:53+07:00,101,0.5309073359073359,0.46909266409266404,0.478497815997816,0.5215021840021841,0.20585788385788384,Lớn,0.5309073359073359,EXPERIMENTAL,BALANCED,OK,0.09442508068251262,0.4761616161616161,5,2026-09-25T22:44:23+07:00,"{""rolling"": 0.3333333333333333, ""markov1"": 0.26666666666666666, ""markov2"": 0.24, ""markov3"": 0.16}"
202609252729,2026-09-25T22:44:23+07:00,102,0.5430317884729648,0.45696821152703493,0.4628123673711908,0.537187632628809,0.22996770223240806,Lớn,0.5430317884729648,EXPERIMENTAL,BALANCED,OK,0.11672665999838175,0.47262714012714013,8,2026-09-25T22:44:53+07:00,"{""rolling"": 0.3333333333333333, ""markov1"": 0.26666666666666666, ""markov2"": 0.24, ""markov3"": 0.16}"
202609252730,2026-09-25T22:44:53+07:00,103,0.5309500934702935,0.4690499065297064,0.4911227317422008,0.5088772682577992,0.20349854644948911,Lớn,0.5309500934702935,EXPERIMENTAL,BALANCED,OK,0.1361485977491319,0.4674074972604384,2,2026-09-25T22:45:23+07:00,"{""rolling"": 0.3333333333333333, ""markov1"": 0.26666666666666666, ""markov2"": 0.24, ""markov3"": 0.16}"
202609252731,2026-09-25T22:45:23+07:00,104,0.48411616161616167,0.5158838383838384,0.49979930887825635,0.5002006911217437,0.21256220095693784,Nhỏ,0.5158838383838384,EXPERIMENTAL,BALANCED,OK,0.16427996157328248,0.2178180995777555,6,2026-09-25T22:45:53+07:00,"{""rolling"": 0.3333333333333333, ""markov1"": 0.26666666666666666, ""markov2"": 0.24, ""markov3"": 0.16}"
202609252732,2026-09-25T22:45:53+07:00,105,0.48186062271894364,0.5181393772810565,0.46537930900859736,0.5346206909914027,0.187324902165673,Nhỏ,0.5181393772810565,EXPERIMENTAL,BALANCED,OK,0.10748526448761567,0.27743124733897206,3,2026-09-25T22:46:23+07:00,"{""rolling"": 0.3333333333333333, ""markov1"": 0.26666666666666666, ""markov2"": 0.24, ""markov3"": 0.16}"
202609252733,2026-09-25T22:46:23+07:00,106,0.49777777777777776,0.5022222222222222,0.45564263322884013,0.5443573667711599,0.22176506443747823,Nhỏ,0.5022222222222222,EXPERIMENTAL,BALANCED,OK,0.09737213015341781,0.1508826023293195,2,2026-09-25T22:46:53+07:00,"{""rolling"": 0.3333333333333333, ""markov1"": 0.26666666666666666, ""markov2"": 0.24, ""markov3"": 0.16}"
202609252734,2026-09-25T22:46:53+07:00,107,0.48948070448070463,0.5105192955192956,0.4950009250009251,0.5049990749990751,0.19294387094387097,Nhỏ,0.5105192955192956,EXPERIMENTAL,BALANCED,OK,0.08714574857568042,0.19071813720341496,0,2026-09-25T22:47:23+07:00,"{""rolling"": 0.3333333333333333, ""markov1"": 0.26666666666666666, ""markov2"": 0.24, ""markov3"": 0.16}"
202609252735,2026-09-25T22:47:23+07:00,108,0.5076218602489789,0.49237813975102107,0.47951861227284953,0.5204813877271505,0.21217419962335216,Lớn,0.5076218602489789,EXPERIMENTAL,BALANCED,OK,0.08205099907663085,0.2280634581130762,2,2026-09-25T22:47:53+07:00,"{""rolling"": 0.3333333333333333, ""markov1"": 0.26666666666666666, ""markov2"": 0.24, ""markov3"": 0.16}"
202609252736,2026-09-25T22:47:53+07:00,109,0.4873597317714964,0.5126402682285034,0.5116021560139207,0.4883978439860792,0.20888570579747046,Nhỏ,0.5126402682285034,EXPERIMENTAL,BALANCED,OK,0.1315975610676635,0.1463206449617367,3,2026-09-25T22:48:23+07:00,"{""rolling"": 0.3333333333333333, ""markov1"": 0.26666666666666666, ""markov2"": 0.24, ""markov3"": 0.16}"
202609252737,2026-09-25T22:48:23+07:00,110,0.4756565656565658,0.5243434343434344,0.4625995246583483,0.5374004753416518,0.1979135472370767,Nhỏ,0.5243434343434344,EXPERIMENTAL,BALANCED,OK,0.1148547564852091,0.18042455364271265,1,2026-09-25T22:48:53+07:00,"{""rolling"": 0.3333333333333333, ""markov1"": 0.26666666666666666, ""markov2"": 0.24, ""markov3"": 0.16}"
202609252738,2026-09-25T22:48:53+07:00,111,0.4668916437098255,0.5331083562901745,0.5376744719926538,0.46232552800734616,0.20627456382001835,Nhỏ,0.5331083562901745,EXPERIMENTAL,BALANCED,OK,0.10687540665184876,0.20726382746215383,7,2026-09-25T22:49:23+07:00,"{""rolling"": 0.3333333333333333, ""markov1"": 0.26666666666666666, ""markov2"": 0.24, ""markov3"": 0.16}"
202609252739,2026-09-25T22:49:23+07:00,112,0.4932435005795662,0.5067564994204339,0.4669788872329856,0.5330211127670144,0.18677496274217584,Nhỏ,0.5067564994204339,EXPERIMENTAL,BALANCED,OK,0.09160824468312284,0.14556614548279312,5,2026-09-25T22:49:53+07:00,"{""rolling"": 0.3333333333333333, ""markov1"": 0.26666666666666666, ""markov2"": 0.24, ""markov3"": 0.16}"
202609252740,2026-09-25T22:49:53+07:00,113,0.5296464914253886,0.4703535085746114,0.4867362650899236,0.5132637349100764,0.21593316516169114,Lớn,0.5296464914253886,EXPERIMENTAL,BALANCED,OK,0.13238791769985297,0.09538748049023717,8,2026-09-25T22:50:23+07:00,"{""rolling"": 0.3333333333333333, ""markov1"": 0.26666666666666666, ""markov2"": 0.24, ""markov3"": 0.16}"
202609252741,2026-09-25T22:50:23+07:00,114,0.5134701857282502,0.48652981427174974,0.5080383052536752,0.4919616947463247,0.19466900504092155,Lớn,0.5134701857282502,EXPERIMENTAL,BALANCED,OK,0.15690839446841048,0.12217076821054959,3,2026-09-25T22:50:53+07:00,"{""rolling"": 0.3333333333333333, ""markov1"": 0.26666666666666666, ""markov2"": 0.24, ""markov3"": 0.16}"
202609252742,2026-09-25T22:50:53+07:00,115,0.47562382621331334,0.5243761737866868,0.4674335628025614,0.5325664371974388,0.1995150009772424,Nhỏ,0.5243761737866868,EXPERIMENTAL,BALANCED,OK,0.1602195074635866,0.0914285108856402,7,2026-09-25T22:51:23+07:00,"{""rolling"": 0.32419178667963716, ""markov1"": 0.2682667353573544, ""markov2"": 0.23995507366314417, ""markov3"": 0.1675864042998642}"
202609252743,2026-09-25T22:51:23+07:00,116,0.49572726964980485,0.5042727303501953,0.4651768652198106,0.5348231347801894,0.1996539443625822,Nhỏ,0.5042727303501953,EXPERIMENTAL,BALANCED,OK,0.23161721682331649,0.05294071809361976,8,2026-09-25T22:51:53+07:00,"{""rolling"": 0.3236689469980317, ""markov1"": 0.2683680908424433, ""markov2"": 0.2399467715486937, ""markov3"": 0.1680161906108313}"
202609252744,2026-09-25T22:51:53+07:00,117,0.5183565995618271,0.48164340043817283,0.47738861152920775,0.5226113884707921,0.19184601261173492,Lớn,0.5183565995618271,EXPERIMENTAL,BALANCED,OK,0.31386431405718684,0.07948965999106548,6,2026-09-25T22:52:23+07:00,"{""rolling"": 0.32317694070629766, ""markov1"": 0.26840487258730317, ""markov2"": 0.23976909061293816, ""markov3"": 0.16864909609346102}"
202609252745,2026-09-25T22:52:23+07:00,118,0.4857656199738951,0.514234380026105,0.47950383052652135,0.5204961694734788,0.1827083387641569,Nhỏ,0.514234380026105,EXPERIMENTAL,BALANCED,OK,0.309141601242305,0.04831560107832993,0,2026-09-25T22:52:53+07:00,"{""rolling"": 0.3228423709485353, ""markov1"": 0.26834459870890465, ""markov2"": 0.2397365832498135, ""markov3"": 0.16907644709274658}"
202609252746,2026-09-25T22:52:53+07:00,119,0.4860439357318671,0.5139560642681331,0.5000709508035226,0.49992904919647774,0.2304712589249435,Nhỏ,0.5139560642681331,EXPERIMENTAL,BALANCED,OK,0.2765842188161125,0.059772667657612036,5,2026-09-25T22:53:23+07:00,"{""rolling"": 0.322233641447092, ""markov1"": 0.26870322729223034, ""markov2"": 0.23955005752178382, ""markov3"": 0.169513073738894}"
202609252747,2026-09-25T22:53:23+07:00,120,0.5496455707209508,0.4503544292790492,0.49757723580149976,0.5024227641985002,0.20937720244621155,Lớn,0.5496455707209508,EXPERIMENTAL,BALANCED,OK,0.3177863032641256,0.04489356318520886,8,2026-09-25T22:53:53+07:00,"{""rolling"": 0.3217820867389279, ""markov1"": 0.26855692244747215, ""markov2"": 0.23944305730006987, ""markov3"": 0.1702179335135301}"
202609252748,2026-09-25T22:53:53+07:00,121,0.5190132103129601,0.4809867896870399,0.5045707270169442,0.4954292729830557,0.18655335889994992,Lớn,0.5190132103129601,EXPERIMENTAL,BALANCED,OK,0.3844832358685265,0.06420122347539174,8,2026-09-25T22:54:23+07:00,"{""rolling"": 0.32081862184176585, ""markov1"": 0.2693531388384378, ""markov2"": 0.23970945191468265, ""markov3"": 0.1701187874051136}"
202609252749,2026-09-25T22:54:23+07:00,122,0.5393816353503234,0.4606183646496767,0.4860817663849203,0.5139182336150798,0.21510530884983978,Lớn,0.5393816353503234,EXPERIMENTAL,BALANCED,OK,0.43507962112418563,0.07059390182693573,6,2026-09-25T22:54:53+07:00,"{""rolling"": 0.3202038287118088, ""markov1"": 0.2689049998164305, ""markov2"": 0.2398405813605201, ""markov3"": 0.17105059011124055}"
202609252750,2026-09-25T22:54:53+07:00,123,0.4820485347170329,0.5179514652829671,0.49621692693626274,0.5037830730637373,0.20507114200514662,Nhỏ,0.5179514652829671,EXPERIMENTAL,BALANCED,OK,0.3997744901010821,0.08755148716705488,7,2026-09-25T22:55:23+07:00,"{""rolling"": 0.3197916995121643, ""markov1"": 0.2692501039981946, ""markov2"": 0.23965936204226995, ""markov3"": 0.17129883444737112}"
202609252751,2026-09-25T22:55:23+07:00,124,0.5270253150449122,0.47297468495508777,0.4616202666166967,0.5383797333833034,0.19118036853038123,Lớn,0.5270253150449122,EXPERIMENTAL,BALANCED,OK,0.3750956383148641,0.07690869721786792,0,2026-09-25T22:55:53+07:00,"{""rolling"": 0.3196298530316842, ""markov1"": 0.2686495716632543, ""markov2"": 0.23971627620375324, ""markov3"": 0.17200429910130827}"
202609252752,2026-09-25T22:55:53+07:00,125,0.5197192423520405,0.4802807576479595,0.4798938866775975,0.5201061133224025,0.23114334179618345,Lớn,0.5197192423520405,EXPERIMENTAL,BALANCED,OK,0.307516637625852,0.05275133672735673,6,2026-09-25T22:56:23+07:00,"{""rolling"": 0.3191685505486326, ""markov1"": 0.26845498062221984, ""markov2"": 0.23972651660796365, ""markov3"": 0.17264995222118396}"
202609252753,2026-09-25T22:56:23+07:00,126,0.4821214530913028,0.5178785469086974,0.4896132856590569,0.5103867143409432,0.1947176024356138,Nhỏ,0.5178785469086974,EXPERIMENTAL,BALANCED,OK,0.334731369762332,0.05573031469855164,6,2026-09-25T22:56:53+07:00,"{""rolling"": 0.3190789519501557, ""markov1"": 0.26805168061702633, ""markov2"": 0.23974159869097061, ""markov3"": 0.1731277687418473}"
202609252754,2026-09-25T22:56:53+07:00,127,0.49579300851476793,0.5042069914852322,0.4883733155733826,0.5116266844266174,0.19036780335938844,Nhỏ,0.5042069914852322,EXPERIMENTAL,BALANCED,OK,0.3220812352093303,0.05023634101646871,7,2026-09-25T22:57:23+07:00,"{""rolling"": 0.3190953283024623, ""markov1"": 0.26779308199305274, ""markov2"": 0.2395508751219692, ""markov3"": 0.17356071458251582}"
202609252755,2026-09-25T22:57:23+07:00,128,0.5185657284967474,0.4814342715032527,0.47935152713440893,0.5206484728655911,0.2116295418149601,Lớn,0.5185657284967474,EXPERIMENTAL,BALANCED,OK,0.38467126608788865,0.06644957853321032,7,2026-09-25T22:57:53+07:00,"{""rolling"": 0.31882514315637556, ""markov1"": 0.26764508157547245, ""markov2"": 0.2394402384989135, ""markov3"": 0.1740895367692385}"
202609252756,2026-09-25T22:57:53+07:00,129,0.5244418053263429,0.475558194673657,0.4738248710475422,0.5261751289524577,0.19967964033641938,Lớn,0.5244418053263429,EXPERIMENTAL,BALANCED,OK,0.3472372140540973,0.04755703198022879,7,2026-09-25T22:58:23+07:00,"{""rolling"": 0.3189119107193974, ""markov1"": 0.26674392225146176, ""markov2"": 0.23952137038304416, ""markov3"": 0.17482279664609665}"
202609252757,2026-09-25T22:58:23+07:00,130,0.5374925688859268,0.46250743111407333,0.4607633372803116,0.5392366627196885,0.19466315681586782,Lớn,0.5374925688859268,LOW,BALANCED,OK,0.33067415590277743,0.06182373740334306,3,2026-09-25T22:58:53+07:00,"{""rolling"": 0.3188480384850121, ""markov1"": 0.2664064979956462, ""markov2"": 0.23950345634847586, ""markov3"": 0.1752420071708658}"
202609252758,2026-09-25T22:58:53+07:00,131,0.4929805491207524,0.5070194508792476,0.45919904087316765,0.5408009591268323,0.18950853236077544,Nhỏ,0.5070194508792476,LOW,BALANCED,OK,0.2927127071033324,0.042490953329495665,1,2026-09-25T22:59:23+07:00,"{""rolling"": 0.31839206620074495, ""markov1"": 0.26664201541919086, ""markov2"": 0.23913361152142518, ""markov3"": 0.175832306858639}"
202609252759,2026-09-25T22:59:23+07:00,132,0.5078169545690019,0.49218304543099806,0.5268185847613372,0.4731814152386627,0.19631185848188115,Lớn,0.5078169545690019,LOW,BALANCED,OK,0.22331520918798273,0.041855721568129674,5,2026-09-25T22:59:53+07:00,"{""rolling"": 0.3167766845638525, ""markov1"": 0.26729021414068355, ""markov2"": 0.23953833054704066, ""markov3"": 0.1763947707484232}"
202609252760,2026-09-25T22:59:53+07:00,133,0.558372850534923,0.4416271494650769,0.49625565414166384,0.503744345858336,0.20969812822962905,Lớn,0.558372850534923,MEDIUM,BALANCED,OK,0.287135071123339,0.05550200410942874,6,2026-09-25T23:00:23+07:00,"{""rolling"": 0.31629350795212235, ""markov1"": 0.26655307530059874, ""markov2"": 0.23957212892587385, ""markov3"": 0.17758128782140511}"
202609252761,2026-09-25T23:00:23+07:00,134,0.49820341688021286,0.501796583119787,0.48410825011653225,0.5158917498834678,0.2045534463247793,Nhỏ,0.501796583119787,LOW,BALANCED,OK,0.3216315838168007,0.0668586260316537,2,2026-09-25T23:00:53+07:00,"{""rolling"": 0.31599312095734405, ""markov1"": 0.26657630121091025, ""markov2"": 0.23933832305613578, ""markov3"": 0.17809225477561}"
202609252762,2026-09-25T23:00:53+07:00,135,0.5030588610323284,0.49694113896767156,0.5017459462147343,0.4982540537852656,0.20330848863739703,Lớn,0.5030588610323284,LOW,BALANCED,OK,0.2852688156859256,0.07918276291304106,4,2026-09-25T23:01:23+07:00,"{""rolling"": 0.3148913224063784, ""markov1"": 0.26568080931018884, ""markov2"": 0.23993234836866262, ""markov3"": 0.17949551991477017}"
202609252763,2026-09-25T23:01:23+07:00,136,0.507050280979239,0.49294971902076123,0.47489401658541175,0.5251059834145884,0.18163057734967458,Lớn,0.507050280979239,LOW,BALANCED,OK,0.2800590066791172,0.0630093844701141,4,2026-09-25T23:01:53+07:00,"{""rolling"": 0.3131539306505801, ""markov1"": 0.2654617964596873, ""markov2"": 0.2405227563977943, ""markov3"": 0.18086151649193832}"
202609252764,2026-09-25T23:01:53+07:00,137,0.5010517442120254,0.4989482557879747,0.48292570885235886,0.5170742911476411,0.17991661032656495,Lớn,0.5010517442120254,LOW,BALANCED,OK,0.29244275214062754,0.04760236648499655,7,2026-09-25T23:02:23+07:00,"{""rolling"": 0.31167374709252166, ""markov1"": 0.26515423972966673, ""markov2"": 0.24103504744676102, ""markov3"": 0.18213696573105065}"
202609252765,2026-09-25T23:02:23+07:00,138,0.5313352615464383,0.4686647384535618,0.4759422244618847,0.5240577755381154,0.19347674490197392,Lớn,0.5313352615464383,LOW,BALANCED,OK,0.34122136121905877,0.05947988988770646,4,2026-09-25T23:02:53+07:00,"{""rolling"": 0.31129876999330164, ""markov1"": 0.2649165512049014, ""markov2"": 0.24097832267869573, ""markov3"": 0.1828063561231013}"
202609252766,2026-09-25T23:02:53+07:00,139,0.5069920294186743,0.49300797058132567,0.4779991888487394,0.5220008111512605,0.17824316862562758,Lớn,0.5069920294186743,LOW,BALANCED,OK,0.29044062929206355,0.0626306221696843,2,2026-09-25T23:03:23+07:00,"{""rolling"": 0.3101793172883379, ""markov1"": 0.2639768083906975, ""markov2"": 0.24151483466232704, ""markov3"": 0.18432903965863762}"
202609252767,2026-09-25T23:03:23+07:00,140,0.4955613518259648,0.5044386481740353,0.5136699645038205,0.4863300354961796,0.2000825595862732,Nhỏ,0.5044386481740353,LOW,BALANCED,OK,0.3295537279533371,0.048390055879975344,6,2026-09-25T23:03:53+07:00,"{""rolling"": 0.30911561530483167, ""markov1"": 0.26338195490274613, ""markov2"": 0.241972790146002, ""markov3"": 0.18552963964642002}"
202609252768,2026-09-25T23:03:53+07:00,141,0.4928862090177981,0.5071137909822019,0.46995462075578853,0.5300453792442115,0.18214090665039792,Nhỏ,0.5071137909822019,LOW,BALANCED,OK,0.34330931220071725,0.048303163510942076,2,2026-09-25T23:04:23+07:00,"{""rolling"": 0.3087055520765028, ""markov1"": 0.2638242493335912, ""markov2"": 0.24161006575423732, ""markov3"": 0.18586013283566857}"
202609252769,2026-09-25T23:04:23+07:00,142,0.49384590629490566,0.5061540937050945,0.526682920449481,0.4733170795505192,0.19456257127145937,Nhỏ,0.5061540937050945,LOW,BALANCED,OK,0.3140873867541836,0.045810709429589896,3,2026-09-25T23:04:53+07:00,"{""rolling"": 0.30764460687482487, ""markov1"": 0.263566088808231, ""markov2"": 0.24177189607064292, ""markov3"": 0.1870174082463012}"
202609252770,2026-09-25T23:04:53+07:00,143,0.48546664758137914,0.5145333524186209,0.4518312099822146,0.5481687900177854,0.187922297573587,Nhỏ,0.5145333524186209,LOW,BALANCED,OK,0.324307424217142,0.05623013261250428,4,2026-09-25T23:05:23+07:00,"{""rolling"": 0.3069330981601736, ""markov1"": 0.2643249750323844, ""markov2"": 0.24139317834589047, ""markov3"": 0.18734874846155145}"
202609252771,2026-09-25T23:05:23+07:00,144,0.4972489936269018,0.5027510063730983,0.48971711344195257,0.5102828865580475,0.17044945292387595,Nhỏ,0.5027510063730983,LOW,BALANCED,OK,0.27730404160762157,0.06598550795270598,6,2026-09-25T23:05:53+07:00,"{""rolling"": 0.3056415147515623, ""markov1"": 0.26459742851893453, ""markov2"": 0.241411609615472, ""markov3"": 0.18834944711403123}"
202609252772,2026-09-25T23:05:53+07:00,145,0.482335190661441,0.517664809338559,0.5045612051932756,0.4954387948067243,0.20039900943255684,Nhỏ,0.517664809338559,LOW,BALANCED,OK,0.2684721785994846,0.05334691874546586,9,2026-09-25T23:06:23+07:00,"{""rolling"": 0.30559036725637256, ""markov1"": 0.26423572466052153, ""markov2"": 0.24114801446673256, ""markov3"": 0.1890258936163732}"
202609252773,2026-09-25T23:06:23+07:00,146,0.5238110643137833,0.47618893568621673,0.4911854492197914,0.5088145507802087,0.17817758664077601,Lớn,0.5238110643137833,LOW,BALANCED,OK,0.2643653264398208,0.04093362030885661,1,2026-09-25T23:06:53+07:00,"{""rolling"": 0.30447514696506583, ""markov1"": 0.26411663900101184, ""markov2"": 0.24129083963410233, ""markov3"": 0.19011737439982002}"
202609252774,2026-09-25T23:06:53+07:00,147,0.5008589354842792,0.4991410645157208,0.5150984417691561,0.484901558230844,0.20304611202687345,Lớn,0.5008589354842792,LOW,BALANCED,OK,0.23713664938493434,0.0512076084791742,9,2026-09-25T23:07:23+07:00,"{""rolling"": 0.30358686879659413, ""markov1"": 0.26322728581258836, ""markov2"": 0.24169147566290594, ""markov3"": 0.1914943697279116}"
202609252775,2026-09-25T23:07:23+07:00,148,0.5084581717167744,0.49154182828322557,0.507093973381364,0.49290602661863603,0.19327852925330427,Lớn,0.5084581717167744,LOW,BALANCED,OK,0.237412366889131,0.060539555479935635,3,2026-09-25T23:07:53+07:00,"{""rolling"": 0.30238528257116004, ""markov1"": 0.26316516674734497, ""markov2"": 0.2419744657575341, ""markov3"": 0.19247508492396093}"
202609252776,2026-09-25T23:07:53+07:00,149,0.4845347362143946,0.5154652637856054,0.4635936461174178,0.5364063538825822,0.20038042968388567,Nhỏ,0.5154652637856054,LOW,BALANCED,OK,0.24726180048514124,0.04892735696571696,1,2026-09-25T23:08:23+07:00,"{""rolling"": 0.30202087970057023, ""markov1"": 0.26320815480585047, ""markov2"": 0.24178922374651168, ""markov3"": 0.19298174174706756}"
202609252777,2026-09-25T23:08:23+07:00,150,0.504225247792493,0.4957747522075071,0.5197165377569248,0.48028346224307517,0.22002244319002523,Lớn,0.504225247792493,LOW,BALANCED,OK,0.18810336422435975,0.05763950455069054,6,2026-09-25T23:08:53+07:00,"{""rolling"": 0.3003613649592261, ""markov1"": 0.26412052297428323, ""markov2"": 0.24223251120656886, ""markov3"": 0.1932856008599218}"
202609252778,2026-09-25T23:08:53+07:00,151,0.4699921312601245,0.5300078687398755,0.4720301434634673,0.5279698565365327,0.17288337461036907,Nhỏ,0.5300078687398755,LOW,BALANCED,OK,0.17402168834472526,0.06623039175964779,1,2026-09-25T23:09:23+07:00,"{""rolling"": 0.30006742365702366, ""markov1"": 0.26413632289590566, ""markov2"": 0.2424492774641659, ""markov3"": 0.19334697598290468}"
202609252779,2026-09-25T23:09:23+07:00,152,0.4863066371878712,0.5136933628121287,0.5326677163143934,0.46733228368560653,0.18527823686619774,Nhỏ,0.5136933628121287,LOW,BALANCED,OK,0.14097560258585606,0.05591842016311371,1,2026-09-25T23:09:53+07:00,"{""rolling"": 0.2986287845811372, ""markov1"": 0.26361154690977584, ""markov2"": 0.2430723955997791, ""markov3"": 0.19468727290930785}"
202609252780,2026-09-25T23:09:53+07:00,153,0.49941700649603193,0.500582993503968,0.504668408482155,0.495331591517845,0.19135820051720517,Nhỏ,0.500582993503968,LOW,BALANCED,OK,0.12145233273163374,0.06403895255980724,6,2026-09-25T23:10:23+07:00,"{""rolling"": 0.2982331961811041, ""markov1"": 0.2624823900759414, ""markov2"": 0.24348268106834015, ""markov3"": 0.19580173267461443}"
202609252781,2026-09-25T23:10:23+07:00,154,0.46346540070400666,0.5365345992959933,0.4663070863464255,0.5336929136535745,0.1702572047983673,Nhỏ,0.5365345992959933,LOW,BALANCED,OK,0.12651071256354882,0.05358299059566324,7,2026-09-25T23:10:53+07:00,"{""rolling"": 0.29792330497181657, ""markov1"": 0.262864537967774, ""markov2"": 0.2431311745872139, ""markov3"": 0.19608098247319536}"
202609252782,2026-09-25T23:10:53+07:00,155,0.51316854122719,0.48683145877280964,0.4680768129660387,0.531923187033961,0.1914151746375297,Lớn,0.51316854122719,LOW,BALANCED,OK,0.11893145202128337,0.06236392893566922,7,2026-09-25T23:11:23+07:00,"{""rolling"": 0.2976610253959351, ""markov1"": 0.2629118048892062, ""markov2"": 0.2425639058856294, ""markov3"": 0.19686326382922945}"
202609252783,2026-09-25T23:11:23+07:00,156,0.5189741979112052,0.4810258020887947,0.45068118728316814,0.5493188127168318,0.17624536043412276,Lớn,0.5189741979112052,LOW,BALANCED,OK,0.17607160808682845,0.06994370625418969,4,2026-09-25T23:11:53+07:00,"{""rolling"": 0.2971475449275543, ""markov1"": 0.2626384296066304, ""markov2"": 0.2430389132481332, ""markov3"": 0.19717511221768214}"
202609252784,2026-09-25T23:11:53+07:00,157,0.49183100390624457,0.5081689960937554,0.4979561757512925,0.5020438242487075,0.16293346780214668,Nhỏ,0.5081689960937554,LOW,BALANCED,OK,0.17632183545670121,0.059611813198656376,6,2026-09-25T23:12:23+07:00,"{""rolling"": 0.2963609164187018, ""markov1"": 0.26225459091201253, ""markov2"": 0.24329757412913092, ""markov3"": 0.19808691854015464}"
202609252785,2026-09-25T23:12:23+07:00,158,0.49354481929498295,0.5064551807050172,0.4832473215043207,0.5167526784956794,0.18326939478906606,Nhỏ,0.5064551807050172,LOW,BALANCED,OK,0.2419376303572649,0.04982248890051129,4,2026-09-25T23:12:53+07:00,"{""rolling"": 0.2963216430573625, ""markov1"": 0.2623908274544065, ""markov2"": 0.24281389341860016, ""markov3"": 0.1984736360696308}"
202609252786,2026-09-25T23:12:53+07:00,159,0.505682673392755,0.49431732660724526,0.49707064762943937,0.5029293523705608,0.15769089398831465,Lớn,0.505682673392755,LOW,BALANCED,OK,0.2555653081901987,0.0573432063648244,0,2026-09-25T23:13:23+07:00,"{""rolling"": 0.2954783536013239, ""markov1"": 0.2623842162416264, ""markov2"": 0.24279051940315866, ""markov3"": 0.19934691075389116}"
202609252787,2026-09-25T23:13:23+07:00,160,0.5137525192579063,0.4862474807420938,0.49959664692020506,0.500403353079795,0.20468068982724327,Lớn,0.5137525192579063,LOW,BALANCED,OK,0.26098253301557883,0.047959441702198034,2,2026-09-25T23:13:53+07:00,"{""rolling"": 0.2948287658175558, ""markov1"": 0.2614959558490462, ""markov2"": 0.2431057413040422, ""markov3"": 0.2005695370293559}"
202609252788,2026-09-25T23:13:53+07:00,161,0.48227435468727226,0.5177256453127279,0.5086247142267671,0.49137528577323303,0.1834277302515006,Nhỏ,0.5177256453127279,LOW,BALANCED,OK,0.2592976593565559,0.038751048899573384,1,2026-09-25T23:14:23+07:00,"{""rolling"": 0.2937267772222225, ""markov1"": 0.2611307546674324, ""markov2"": 0.2435238231161124, ""markov3"": 0.2016186449942326}"
202609252789,2026-09-25T23:14:23+07:00,162,0.5077147666723884,0.49228523332761176,0.5138443071738715,0.4861556928261286,0.1883817241151214,Lớn,0.5077147666723884,LOW,BALANCED,OK,0.21230965329468654,0.04590465060582659,0,2026-09-25T23:14:53+07:00,"{""rolling"": 0.29319461996519186, ""markov1"": 0.26031517200370974, ""markov2"": 0.24387128341733072, ""markov3"": 0.20261892461376774}"
202609252790,2026-09-25T23:14:53+07:00,163,0.5049498072718903,0.4950501927281098,0.5073851986464148,0.49261480135358526,0.19719068889324637,Lớn,0.5049498072718903,LOW,BALANCED,OK,0.17559172015465505,0.03711704080775968,0,2026-09-25T23:15:23+07:00,"{""rolling"": 0.2922469649429392, ""markov1"": 0.2604780382443429, ""markov2"": 0.24395953091592373, ""markov3"": 0.20331546589679417}"
202609252791,2026-09-25T23:15:23+07:00,164,0.5196368066967243,0.48036319330327565,0.5047820490784062,0.49521795092159376,0.20255480329119216,Lớn,0.5196368066967243,LOW,BALANCED,OK,0.13892692537649923,0.043107446750873926,2,2026-09-25T23:15:53+07:00,"{""rolling"": 0.29145329116620866, ""markov1"": 0.26095809387020363, ""markov2"": 0.24368177115148393, ""markov3"": 0.20390684381210378}"
202609252792,2026-09-25T23:15:53+07:00,165,0.4653410828028558,0.5346589171971443,0.5014639780406218,0.4985360219593783,0.18200576585021777,Nhỏ,0.5346589171971443,LOW,BALANCED,OK,0.17742874847164875,0.05043866767311779,2,2026-09-25T23:16:23+07:00,"{""rolling"": 0.290609919557558, ""markov1"": 0.2612360354688226, ""markov2"": 0.2432992890952319, ""markov3"": 0.20485475587838753}"
202609252793,2026-09-25T23:16:23+07:00,166,0.47422123480120176,0.5257787651987984,0.521576403683288,0.4784235963167122,0.1849921948127447,Nhỏ,0.5257787651987984,LOW,BALANCED,OK,0.17151847368622755,0.042623822968936395,3,2026-09-25T23:16:53+07:00,"{""rolling"": 0.2900744900896294, ""markov1"": 0.260417932102644, ""markov2"": 0.2436368129200781, ""markov3"": 0.20587076488764847}"
202609252794,2026-09-25T23:16:54+07:00,167,0.4590656590383715,0.5409343409616284,0.46825895074184126,0.5317410492581586,0.17518997085082158,Nhỏ,0.5409343409616284,LOW,BALANCED,OK,0.19859676734732493,0.034909717629083584,4,2026-09-25T23:17:23+07:00,"{""rolling"": 0.28928224560251614, ""markov1"": 0.26155027242003115, ""markov2"": 0.24318358289487874, ""markov3"": 0.20598389908257392}"
202609252795,2026-09-25T23:17:23+07:00,168,0.5020762228802211,0.49792377711977887,0.5233418326942494,0.47665816730575056,0.163819141457846,Lớn,0.5020762228802211,LOW,BALANCED,OK,0.2348517203257987,0.04114730500274958,2,2026-09-25T23:17:53+07:00,"{""rolling"": 0.2882897313131406, ""markov1"": 0.2617581522448854, ""markov2"": 0.24367524804818474, ""markov3"": 0.20627686839378934}"
202609252796,2026-09-25T23:17:53+07:00,169,0.4737702202269784,0.5262297797730218,0.5223964452424755,0.4776035547575245,0.1779129003838407,Nhỏ,0.5262297797730218,LOW,BALANCED,OK,0.24908505554181207,0.04782743424735068,2,2026-09-25T23:18:23+07:00,"{""rolling"": 0.2879325467499391, ""markov1"": 0.2616881697259318, ""markov2"": 0.2434784782255494, ""markov3"": 0.2069008052985796}"
202609252797,2026-09-25T23:18:23+07:00,170,0.453614254170514,0.546385745829486,0.513660353897278,0.48633964610272196,0.17511740347845983,Nhỏ,0.546385745829486,LOW,BALANCED,OK,0.31890995538881817,0.053694100619595744,4,2026-09-25T23:18:53+07:00,"{""rolling"": 0.2875581554131247, ""markov1"": 0.261591867752898, ""markov2"": 0.2432969090659564, ""markov3"": 0.2075530677680209}"
202609252798,2026-09-25T23:18:53+07:00,171,0.4736324015842685,0.5263675984157314,0.5260121835599738,0.4739878164400262,0.16751932244765982,Nhỏ,0.5263675984157314,LOW,BALANCED,OK,0.39656405097528913,0.05932677883862277,8,2026-09-25T23:19:23+07:00,"{""rolling"": 0.2870713905937198, ""markov1"": 0.26143450182775674, ""markov2"": 0.24331836944630209, ""markov3"": 0.20817573813222134}"
202609252799,2026-09-25T23:19:23+07:00,172,0.5072465332733824,0.4927534667266177,0.5312696300954454,0.46873036990455463,0.17808562332085187,Lớn,0.5072465332733824,LOW,BALANCED,OK,0.40987793046546983,0.05286534160314538,5,2026-09-25T23:19:53+07:00,"{""rolling"": 0.28594212379814327, ""markov1"": 0.2612748313004074, ""markov2"": 0.24354150952047754, ""markov3"": 0.20924153538097168}"
202609252800,2026-09-25T23:19:53+07:00,173,0.5372611204406966,0.4627388795593033,0.5232252157289006,0.47677478427109937,0.20605966208207818,Lớn,0.5372611204406966,LOW,BALANCED,OK,0.39037914945492735,0.04539111135205275,7,2026-09-25T23:20:23+07:00,"{""rolling"": 0.2844178946231574, ""markov1"": 0.2620936809054501, ""markov2"": 0.24348096823596388, ""markov3"": 0.21000745623542869}"
202609252801,2026-09-25T23:20:23+07:00,174,0.4884893125453334,0.5115106874546667,0.47998603245531185,0.5200139675446883,0.18009392108091613,Nhỏ,0.5115106874546667,LOW,BALANCED,OK,0.3921422073686053,0.04940296097242126,8,2026-09-25T23:20:53+07:00,"{""rolling"": 0.2840170878839171, ""markov1"": 0.26230721063379314, ""markov2"": 0.24316282926599792, ""markov3"": 0.2105128722162919}"
202609252802,2026-09-25T23:20:53+07:00,175,0.5352265548633665,0.4647734451366336,0.5170961990693715,0.48290380093062857,0.18415029676623942,Lớn,0.5352265548633665,LOW,BALANCED,OK,0.3491749617230682,0.05556439732551788,8,2026-09-25T23:21:23+07:00,"{""rolling"": 0.28282118126433725, ""markov1"": 0.26256537416539, ""markov2"": 0.24322017472129787, ""markov3"": 0.211393269848975}"
202609252803,2026-09-25T23:21:23+07:00,176,0.540001430505547,0.45999856949445295,0.522359059763361,0.47764094023663906,0.19658708648012413,Lớn,0.540001430505547,LOW,BALANCED,OK,0.33787483172862676,0.060948726901979895,9,2026-09-25T23:21:53+07:00,"{""rolling"": 0.2816436103463828, ""markov1"": 0.2631905551944077, ""markov2"": 0.2431876777072987, ""markov3"": 0.21197815675191078}"
202609252804,2026-09-25T23:21:53+07:00,177,0.5000040105030822,0.4999959894969178,0.5029978620941632,0.4970021379058369,0.17294380751761063,Lớn,0.5000040105030822,LOW,BALANCED,OK,0.33667016382605,0.06613119239019383,5,2026-09-25T23:22:23+07:00,"{""rolling"": 0.2805581885971898, ""markov1"": 0.2624989846572897, ""markov2"": 0.24375527794857743, ""markov3"": 0.21318754879694313}"
202609252805,2026-09-25T23:22:23+07:00,178,0.5449636678628836,0.4550363321371164,0.5161557064250019,0.48384429357499814,0.19544729019107393,Lớn,0.5449636678628836,LOW,BALANCED,OK,0.3281300307895017,0.05887315159676933,3,2026-09-25T23:22:53+07:00,"{""rolling"": 0.2797479671676224, ""markov1"": 0.26158209166766655, ""markov2"": 0.24433519141907123, ""markov3"": 0.2143347497456398}"
202609252806,2026-09-25T23:22:53+07:00,179,0.46752423929448206,0.5324757607055179,0.4861852737052096,0.5138147262947904,0.18330007707571286,Nhỏ,0.5324757607055179,LOW,BALANCED,OK,0.34908208436454713,0.05122964755297625,0,2026-09-25T23:23:23+07:00,"{""rolling"": 0.27994429618117744, ""markov1"": 0.25979467476813584, ""markov2"": 0.24485101233634252, ""markov3"": 0.21541001671434418}"
202609252807,2026-09-25T23:23:23+07:00,180,0.4736156177271622,0.5263843822728378,0.5190666431471331,0.4809333568528669,0.21665697043431553,Nhỏ,0.5263843822728378,LOW,BALANCED,OK,0.3779358490435931,0.05643332994974509,1,2026-09-25T23:23:53+07:00,"{""rolling"": 0.2790894376304383, ""markov1"": 0.25985101583182973, ""markov2"": 0.24498180552011756, ""markov3"": 0.21607774101761446}"
202609252808,2026-09-25T23:23:53+07:00,181,0.5119235475794377,0.48807645242056225,0.516381117947001,0.4836188820529989,0.18932640453818783,Lớn,0.5119235475794377,LOW,BALANCED,OK,0.39853340480761706,0.06158372856428115,9,2026-09-25T23:24:23+07:00,"{""rolling"": 0.27823357937814486, ""markov1"": 0.25957227440733815, ""markov2"": 0.24580926387805338, ""markov3"": 0.21638488233646364}"
202609252809,2026-09-25T23:24:24+07:00,182,0.47984684342507067,0.5201531565749292,0.5039240851949442,0.4960759148050556,0.2026185592514842,Nhỏ,0.5201531565749292,LOW,BALANCED,OK,0.34816510079834084,0.05488055562544161,5,2026-09-25T23:24:53+07:00,"{""rolling"": 0.27647273320852367, ""markov1"": 0.25932234806965965, ""markov2"": 0.24651898555633767, ""markov3"": 0.21768593316547905}"
202609252810,2026-09-25T23:24:53+07:00,183,0.5273925280987334,0.47260747190126673,0.5018088364831075,0.49819116351689263,0.19218650779292665,Lớn,0.5273925280987334,LOW,BALANCED,OK,0.3544377504803805,0.047952438610979295,9,2026-09-25T23:25:23+07:00,"{""rolling"": 0.2756217344382442, ""markov1"": 0.25943386117379397, ""markov2"": 0.24650319966336387, ""markov3"": 0.21844120472459805}"
202609252811,2026-09-25T23:25:23+07:00,184,0.5075243477395248,0.49247565226047524,0.4904925229525504,0.5095074770474495,0.19147722481383098,Lớn,0.5075243477395248,LOW,BALANCED,OK,0.3700321129620048,0.05300785567395888,4,2026-09-25T23:25:53+07:00,"{""rolling"": 0.27492407599251284, ""markov1"": 0.25888055994711856, ""markov2"": 0.24673192236913324, ""markov3"": 0.21946344169123524}"
202609252812,2026-09-25T23:25:53+07:00,185,0.4891365685540036,0.5108634314459963,0.5174658052505523,0.48253419474944764,0.17420966557030015,Nhỏ,0.5108634314459963,LOW,BALANCED,OK,0.35915203931808004,0.05835510852178898,9,2026-09-25T23:26:23+07:00,"{""rolling"": 0.27487421387462097, ""markov1"": 0.25746711070119377, ""markov2"": 0.24719906733601293, ""markov3"": 0.2204596080881723}"
202609252813,2026-09-25T23:26:23+07:00,186,0.504005756748515,0.495994243251485,0.4948935351679776,0.5051064648320223,0.18963049596786058,Lớn,0.504005756748515,LOW,BALANCED,OK,0.3021239235398909,0.0636168332069542,9,2026-09-25T23:26:53+07:00,"{""rolling"": 0.2744556624566451, ""markov1"": 0.2562727644514578, ""markov2"": 0.24774175078194274, ""markov3"": 0.22152982230995433}"
202609252814,2026-09-25T23:26:53+07:00,187,0.5100643982297967,0.48993560177020345,0.4742678018192004,0.5257321981807997,0.18216873260359218,Lớn,0.5100643982297967,LOW,BALANCED,OK,0.25375717545720833,0.05718452198329391,2,2026-09-25T23:27:23+07:00,"{""rolling"": 0.27376371503156355, ""markov1"": 0.2564745523474755, ""markov2"": 0.24773595065763376, ""markov3"": 0.22202578196332717}"
202609252815,2026-09-25T23:27:23+07:00,188,0.4558731916848284,0.5441268083151715,0.5119162567503995,0.48808374324960035,0.17810649589421612,Nhỏ,0.5441268083151715,LOW,BALANCED,OK,0.3154977690212618,0.06233088421336786,6,2026-09-25T23:27:53+07:00,"{""rolling"": 0.27362837940924206, ""markov1"": 0.25585440142871674, ""markov2"": 0.2477232343484604, ""markov3"": 0.22279398481358081}"
202609252816,2026-09-25T23:27:53+07:00,189,0.46901682739469647,0.5309831726053034,0.48079675223282875,0.5192032477671711,0.16779209571324577,Nhỏ,0.5309831726053034,LOW,BALANCED,OK,0.25806311366148477,0.0555167528366427,0,2026-09-25T23:28:23+07:00,"{""rolling"": 0.2733231367475809, ""markov1"": 0.256238564355164, ""markov2"": 0.2473107555629392, ""markov3"": 0.22312754333431595}"
202609252817,2026-09-25T23:28:23+07:00,190,0.4835869247099762,0.5164130752900237,0.5187467494196287,0.48125325058037116,0.24109683983576918,Nhỏ,0.5164130752900237,LOW,BALANCED,OK,0.22675425501307572,0.06011119810950999,3,2026-09-25T23:28:53+07:00,"{""rolling"": 0.2726061815113854, ""markov1"": 0.2566238233320207, ""markov2"": 0.2470659490680783, ""markov3"": 0.2237040460885157}"
202609252818,2026-09-25T23:28:53+07:00,191,0.4598510063459507,0.5401489936540493,0.493987374960546,0.506012625039454,0.2057447871464545,Nhỏ,0.5401489936540493,LOW,BALANCED,OK,0.25692524394163563,0.05413649346314202,1,2026-09-25T23:29:23+07:00,"{""rolling"": 0.27245233256820495, ""markov1"": 0.2560825839776024, ""markov2"": 0.247018488736249, ""markov3"": 0.2244465947179437}"
202609252819,2026-09-25T23:29:23+07:00,192,0.5110294770340921,0.48897052296590804,0.5238060483898953,0.47619395161010475,0.20753898688760697,Lớn,0.5110294770340921,LOW,BALANCED,OK,0.2457654020887191,0.058546433820563855,9,2026-09-25T23:29:53+07:00,"{""rolling"": 0.27148074439656744, ""markov1"": 0.2572967483559937, ""markov2"": 0.2466505295248696, ""markov3"": 0.22457197772256926}"
202609252820,2026-09-25T23:29:54+07:00,193,0.4985162781180887,0.5014837218819114,0.4850818385696488,0.5149181614303512,0.2076837380111025,Nhỏ,0.5014837218819114,LOW,BALANCED,OK,0.23907092558893378,0.05265915471533301,2,2026-09-25T23:30:23+07:00,"{""rolling"": 0.2709676851896019, ""markov1"": 0.2579135174838252, ""markov2"": 0.24608293408215814, ""markov3"": 0.2250358632444147}"
202609252821,2026-09-25T23:30:23+07:00,194,0.46821365819025873,0.5317863418097412,0.5210061510585253,0.47899384894147445,0.17607770107015816,Nhỏ,0.5317863418097412,LOW,BALANCED,OK,0.2319388065410401,0.0467955862809349,5,2026-09-25T23:30:53+07:00,"{""rolling"": 0.2706516615398026, ""markov1"": 0.25785582951550523, ""markov2"": 0.24588640708253617, ""markov3"": 0.22560610186215607}"
202609252822,2026-09-25T23:30:53+07:00,195,0.5408984922820443,0.4591015077179557,0.4986100734564137,0.5013899265435864,0.19733984305678445,Lớn,0.5408984922820443,LOW,BALANCED,OK,0.25081367892203826,0.040705250195769885,4,2026-09-25T23:31:23+07:00,"{""rolling"": 0.2702940155907004, ""markov1"": 0.25640782389744876, ""markov2"": 0.24640343675548212, ""markov3"": 0.22689472375636882}"
202609252823,2026-09-25T23:31:24+07:00,196,0.48674145197151164,0.5132585480284885,0.501391329330858,0.49860867066914216,0.17425891461968673,Nhỏ,0.5132585480284885,LOW,BALANCED,OK,0.2740789343286506,0.03464687787829264,8,2026-09-25T23:31:53+07:00,"{""rolling"": 0.2699245110600893, ""markov1"": 0.25556506215135083, ""markov2"": 0.2467697807711441, ""markov3"": 0.22774064601741584}"
202609252824,2026-09-25T23:31:53+07:00,197,0.5288726016491467,0.4711273983508534,0.5113464012110357,0.4886535987889644,0.20245673749105475,Lớn,0.5288726016491467,LOW,BALANCED,OK,0.22278300708901794,0.03958101880767604,0,2026-09-25T23:32:23+07:00,"{""rolling"": 0.2690093421453117, ""markov1"": 0.25586590628418804, ""markov2"": 0.24671645357159583, ""markov3"": 0.22840829799890444}"
202609252825,2026-09-25T23:32:23+07:00,198,0.48302909253977483,0.5169709074602251,0.5088598020726685,0.49114019792733143,0.21051324179253028,Nhỏ,0.5169709074602251,LOW,BALANCED,OK,0.24458032970428226,0.03378047166015743,8,2026-09-25T23:32:53+07:00,"{""rolling"": 0.2690630526819711, ""markov1"": 0.25429333538038323, ""markov2"": 0.24709986237486978, ""markov3"": 0.22954374956277587}"
202609252826,2026-09-25T23:32:54+07:00,199,0.5236700636094321,0.4763299363905679,0.5339999703453309,0.4660000296546693,0.19665396159744727,Lớn,0.5236700636094321,LOW,BALANCED,OK,0.2345039092982173,0.03866118313288544,1,2026-09-25T23:33:23+07:00,"{""rolling"": 0.26836717761723744, ""markov1"": 0.2541264952548653, ""markov2"": 0.24730217578032176, ""markov3"": 0.2302041513475755}"
202609252827,2026-09-25T23:33:23+07:00,200,0.5024217272214869,0.49757827277851313,0.5149372621395876,0.4850627378604125,0.19981939989193725,Lớn,0.5024217272214869,LOW,BALANCED,OK,0.22639271967261945,0.03303787066546229,9,2026-09-25T23:33:53+07:00,"{""rolling"": 0.26843904977541594, ""markov1"": 0.2525808299681839, ""markov2"": 0.24766791043514425, ""markov3"": 0.23131220982125603}"
202609252828,2026-09-25T23:33:53+07:00,201,0.4857414515132005,0.5142585484867996,0.502169252730761,0.49783074726923915,0.2054797317005818,Nhỏ,0.5142585484867996,LOW,BALANCED,OK,0.2604599062937316,0.02778424548284866,7,2026-09-25T23:34:23+07:00,"{""rolling"": 0.26793955125669433, ""markov1"": 0.25348276665618225, ""markov2"": 0.24742832629712183, ""markov3"": 0.23114935579000156}"
202609252829,2026-09-25T23:34:23+07:00,202,0.5113676385315923,0.4886323614684076,0.4834486988117471,0.5165513011882528,0.18454571160672228,Lớn,0.5113676385315923,LOW,BALANCED,OK,0.21111059091215012,0.03255360139465199,8,2026-09-25T23:34:54+07:00,"{""rolling"": 0.2679546281657831, ""markov1"": 0.25325428134779504, ""markov2"": 0.24713327469742555, ""markov3"": 0.2316578157889964}"
202609252830,2026-09-25T23:34:54+07:00,203,0.5414333658186097,0.4585666341813903,0.5215527216123292,0.4784472783876708,0.18962680311641972,Lớn,0.5414333658186097,LOW,BALANCED,OK,0.18347289736158506,0.027493543502777742,8,2026-09-25T23:35:23+07:00,"{""rolling"": 0.26760944280544724, ""markov1"": 0.2537369704906605, ""markov2"": 0.24701002690994367, ""markov3"": 0.23164355979394846}"
202609252831,2026-09-25T23:35:23+07:00,204,0.5529044183426738,0.44709558165732616,0.5043479532818629,0.4956520467181371,0.19880867366515106,Lớn,0.5529044183426738,MEDIUM,BALANCED,OK,0.22767179880600896,0.031638477066995185,2,2026-09-25T23:35:53+07:00,"{""rolling"": 0.2670628563523588, ""markov1"": 0.25417260479015524, ""markov2"": 0.24750645967013962, ""markov3"": 0.2312580791873464}"
202609252832,2026-09-25T23:35:53+07:00,205,0.47357347366748787,0.5264265263325121,0.5385411642159322,0.4614588357840676,0.19870805157737131,Nhỏ,0.5264265263325121,LOW,BALANCED,OK,0.2860606615518274,0.02607140187261738,4,2026-09-25T23:36:23+07:00,"{""rolling"": 0.2674168429017314, ""markov1"": 0.25408263116426477, ""markov2"": 0.247103548244049, ""markov3"": 0.23139697768995485}"
202609252833,2026-09-25T23:36:23+07:00,206,0.499289213092256,0.500710786907744,0.5372557293962625,0.4627442706037374,0.16962987197732224,Nhỏ,0.500710786907744,LOW,BALANCED,OK,0.35281663598686197,0.030293119531059537,5,2026-09-25T23:36:54+07:00,"{""rolling"": 0.2672684071595021, ""markov1"": 0.2544261858441802, ""markov2"": 0.246832005629055, ""markov3"": 0.23147340136726255}"
202609252834,2026-09-25T23:36:54+07:00,207,0.5355533080182089,0.4644466919817913,0.5128153651964062,0.487184634803594,0.19688909512888403,Lớn,0.5355533080182089,LOW,BALANCED,OK,0.3091351706704399,0.0346895463289725,3,2026-09-25T23:37:23+07:00,"{""rolling"": 0.26712059452695425, ""markov1"": 0.25350338045958853, ""markov2"": 0.24717826578749297, ""markov3"": 0.2321977592259643}"
202609252835,2026-09-25T23:37:23+07:00,208,0.45760931191850945,0.5423906880814906,0.49561659908526245,0.5043834009147374,0.2070872629026121,Nhỏ,0.5423906880814906,LOW,BALANCED,OK,0.37042563602147954,0.029409519899831957,2,2026-09-25T23:37:53+07:00,"{""rolling"": 0.2671846005803077, ""markov1"": 0.2527879982136031, ""markov2"": 0.24745052609597915, ""markov3"": 0.23257687511011005}"
202609252836,2026-09-25T23:37:53+07:00,209,0.4553592883633536,0.5446407116366463,0.5252086825963307,0.4747913174036693,0.19863986996659488,Nhỏ,0.5446407116366463,LOW,BALANCED,OK,0.37078987809752695,0.03333795835871892,7,2026-09-25T23:38:23+07:00,"{""rolling"": 0.26731304603402706, ""markov1"": 0.25273261454021656, ""markov2"": 0.24735580343077967, ""markov3"": 0.2325985359949766}"
202609252837,2026-09-25T23:38:24+07:00,210,0.5086097078394253,0.4913902921605748,0.49479617745397564,0.5052038225460245,0.18626802613886376,Lớn,0.5086097078394253,LOW,BALANCED,OK,0.3165584777779589,0.028083606813306496,3,2026-09-25T23:38:53+07:00,"{""rolling"": 0.26760527305292564, ""markov1"": 0.2513960520023326, ""markov2"": 0.24758260956835654, ""markov3"": 0.2334160653763852}"
202609252838,2026-09-25T23:38:53+07:00,211,0.45188894182812434,0.5481110581718759,0.47589210454482367,0.5241078954551764,0.18174833510079202,Nhỏ,0.5481110581718759,LOW,BALANCED,OK,0.2793265820632691,0.03241267078651477,9,2026-09-25T23:39:23+07:00,"{""rolling"": 0.2673476406696601, ""markov1"": 0.2518913568578849, ""markov2"": 0.24742197346482406, ""markov3"": 0.23333902900763098}"
202609252839,2026-09-25T23:39:23+07:00,212,0.5141513146112284,0.48584868538877146,0.5042313978139965,0.49576860218600355,0.18420888495729834,Lớn,0.5141513146112284,LOW,BALANCED,OK,0.26407367012839106,0.02722942320652913,4,2026-09-25T23:39:54+07:00,"{""rolling"": 0.26776759454362914, ""markov1"": 0.2509106802017035, ""markov2"": 0.2473156057000843, ""markov3"": 0.2340061195545832}"
202609252840,2026-09-25T23:39:54+07:00,213,0.5134813765004271,0.4865186234995729,0.5046237165012561,0.49537628349874396,0.17717949798765742,Lớn,0.5134813765004271,LOW,BALANCED,OK,0.269967448360634,0.03153846649329638,5,2026-09-25T23:40:23+07:00,"{""rolling"": 0.2678494443399401, ""markov1"": 0.25041303387398034, ""markov2"": 0.24735402396086326, ""markov3"": 0.23438349782521622}"
202609252841,2026-09-25T23:40:23+07:00,214,0.5240683712412317,0.4759316287587685,0.4948171698691923,0.5051828301308079,0.18895651611929376,Lớn,0.5240683712412317,LOW,BALANCED,OK,0.2755942856935776,0.0269941060547624,9,2026-09-25T23:40:53+07:00,"{""rolling"": 0.2675201814795826, ""markov1"": 0.25018951228450415, ""markov2"": 0.24756581961961416, ""markov3"": 0.23472448661629924}"
202609252842,2026-09-25T23:40:53+07:00,215,0.49747274350806936,0.5025272564919306,0.505457534909093,0.49454246509090705,0.18214510761585123,Nhỏ,0.5025272564919306,LOW,BALANCED,OK,0.30390743382611224,0.0308979106000146,5,2026-09-25T23:41:23+07:00,"{""rolling"": 0.26761767832017547, ""markov1"": 0.2501571361839161, ""markov2"": 0.24737162351184416, ""markov3"": 0.23485356198406432}"
202609252843,2026-09-25T23:41:24+07:00,216,0.5382699575666914,0.4617300424333086,0.4813957258110924,0.5186042741889076,0.18698675900058961,Lớn,0.5382699575666914,LOW,BALANCED,OK,0.3361390544507348,0.034963680823220794,5,2026-09-25T23:41:53+07:00,"{""rolling"": 0.267415498358618, ""markov1"": 0.25024446283087726, ""markov2"": 0.2472657256990468, ""markov3"": 0.23507431311145793}"
202609252844,2026-09-25T23:41:53+07:00,217,0.5630347260525672,0.4369652739474328,0.4843029678373429,0.515697032162657,0.2068122272225935,Lớn,0.5630347260525672,MEDIUM,BALANCED,OK,0.3954624658765669,0.03861125656347802,5,2026-09-25T23:42:23+07:00,"{""rolling"": 0.2671134505752579, ""markov1"": 0.25106302054135154, ""markov2"": 0.24684849170820677, ""markov3"": 0.23497503717518373}"
202609252845,2026-09-25T23:42:23+07:00,218,0.5798353994177069,0.42016460058229327,0.47979018238634213,0.520209817613658,0.22219069247908363,Lớn,0.5798353994177069,MEDIUM,BALANCED,OK,0.434949506548443,0.04198713806673187,5,2026-09-25T23:42:53+07:00,"{""rolling"": 0.2665955647734671, ""markov1"": 0.25181808067028355, ""markov2"": 0.2471360371236345, ""markov3"": 0.23445031743261505}"
202609252846,2026-09-25T23:42:53+07:00,219,0.5959473277860294,0.40405267221397034,0.46138907447323796,0.5386109255267619,0.2495632406172556,Lớn,0.5959473277860294,MEDIUM,BALANCED,OK,0.47752835320742304,0.04516509993661054,8,2026-09-25T23:43:53+07:00,"{""rolling"": 0.26599907197406175, ""markov1"": 0.252596691284942, ""markov2"": 0.24775924021049464, ""markov3"": 0.23364499653050158}"
202609252848,2026-09-25T23:43:53+07:00,221,0.4937866959084791,0.5062133040915208,0.4606163037672709,0.5393836962327291,0.19152428272242014,Nhỏ,0.5062133040915208,LOW,BALANCED,OK,0.5126512168911508,0.04815582970558854,9,2026-09-25T23:44:24+07:00,"{""rolling"": 0.2652513526173235, ""markov1"": 0.2530920131556691, ""markov2"": 0.24776265406327858, ""markov3"": 0.2338939801637288}"
202609252849,2026-09-25T23:44:24+07:00,222,0.5152237107667037,0.4847762892332963,0.4988983962927289,0.5011016037072711,0.1924283325783678,Lớn,0.5152237107667037,LOW,BALANCED,OK,0.5063814595410603,0.051941428667455755,4,2026-09-25T23:44:53+07:00,"{""rolling"": 0.26564693656726895, ""markov1"": 0.2523871076825868, ""markov2"": 0.24786202332353388, ""markov3"": 0.23410393242661032}"
202609252850,2026-09-25T23:44:54+07:00,223,0.5392657432489635,0.4607342567510364,0.47426345712716844,0.5257365428728314,0.21433966396047516,Lớn,0.5392657432489635,LOW,BALANCED,OK,0.44831365657196054,0.05573882442236765,3,2026-09-25T23:45:23+07:00,"{""rolling"": 0.2652772791667329, ""markov1"": 0.2520874934324618, ""markov2"": 0.248504926135643, ""markov3"": 0.23413030126516235}"
202609252851,2026-09-25T23:45:23+07:00,224,0.4851004945660599,0.5148995054339401,0.46529129818646714,0.5347087018135329,0.1868439986747854,Nhỏ,0.5148995054339401,LOW,BALANCED,OK,0.4299222216074098,0.05090138891284454,3,2026-09-25T23:45:53+07:00,"{""rolling"": 0.2652791476954509, ""markov1"": 0.2524929009764749, ""markov2"": 0.24814491928288263, ""markov3"": 0.23408303204519154}"
202609252852,2026-09-25T23:45:53+07:00,225,0.4600754876073833,0.5399245123926166,0.467655060249333,0.532344939750667,0.18733419162098586,Nhỏ,0.5399245123926166,LOW,BALANCED,OK,0.3827257291877445,0.046578793078337226,5,2026-09-25T23:46:23+07:00,"{""rolling"": 0.26546833674690506, ""markov1"": 0.2524204560978475, ""markov2"": 0.24781593220132372, ""markov3"": 0.2342952749539238}"
202609252853,2026-09-25T23:46:24+07:00,226,0.5629596646400549,0.437040335359945,0.4774128240197288,0.522587175980271,0.22242127603394465,Lớn,0.5629596646400549,LOW,BALANCED,OK,0.3881856939100437,0.0418867666345696,0,2026-09-25T23:46:53+07:00,"{""rolling"": 0.26588262175474286, ""markov1"": 0.25180083966984096, ""markov2"": 0.24764636135457163, ""markov3"": 0.23467017722084463}"
202609252854,2026-09-25T23:46:53+07:00,227,0.4939827168393915,0.5060172831606085,0.4960040555578902,0.5039959444421099,0.21423307445761852,Nhỏ,0.5060172831606085,LOW,BALANCED,OK,0.32359797334115237,0.037086398132390036,3,2026-09-25T23:47:23+07:00,"{""rolling"": 0.2660329616334953, ""markov1"": 0.25033415113604124, ""markov2"": 0.24802095659234222, ""markov3"": 0.2356119306381214}"
202609252855,2026-09-25T23:47:24+07:00,228,0.4595057604351907,0.5404942395648094,0.4645368350048411,0.5354631649951589,0.20987519339895405,Nhỏ,0.5404942395648094,LOW,BALANCED,OK,0.26751846394661216,0.03290475155780907,4,2026-09-25T23:47:53+07:00,"{""rolling"": 0.26620411669434324, ""markov1"": 0.25021357836556996, ""markov2"": 0.24794446983387963, ""markov3"": 0.23563783510620717}"
202609252856,2026-09-25T23:47:53+07:00,229,0.504660953775639,0.49533904622436076,0.5042461985459464,0.4957538014540534,0.1845302283884608,Lớn,0.504660953775639,LOW,BALANCED,OK,0.2747888320152746,0.03623757193966363,2,2026-09-25T23:48:23+07:00,"{""rolling"": 0.26602106934902015, ""markov1"": 0.25063034946848833, ""markov2"": 0.24774951052529764, ""markov3"": 0.23559907065719393}"
202609252857,2026-09-25T23:48:24+07:00,230,0.4676070721517725,0.5323929278482276,0.5285601340319899,0.47143986596801013,0.18498645656391843,Nhỏ,0.5323929278482276,LOW,BALANCED,OK,0.2901286264801069,0.039868760946144104,6,2026-09-25T23:48:53+07:00,"{""rolling"": 0.26577718149837526, ""markov1"": 0.2504349671879041, ""markov2"": 0.24816407116773492, ""markov3"": 0.23562378014598567}"
202609252858,2026-09-25T23:48:53+07:00,231,0.45424453898139117,0.545755461018609,0.4894981092959378,0.5105018907040623,0.19054881735503598,Nhỏ,0.545755461018609,LOW,BALANCED,OK,0.3025454263132331,0.03685663222354352,3,2026-09-25T23:49:23+07:00,"{""rolling"": 0.26499636294351125, ""markov1"": 0.25102657733027406, ""markov2"": 0.24866485962041154, ""markov3"": 0.23531220010580323}"
202609252859,2026-09-25T23:49:23+07:00,232,0.4705775779852192,0.5294224220147806,0.47290032337470317,0.5270996766252967,0.2088343869394354,Nhỏ,0.5294224220147806,LOW,BALANCED,OK,0.2514606804991204,0.04004279945070267,2,2026-09-25T23:49:53+07:00,"{""rolling"": 0.26472384559590434, ""markov1"": 0.2511554545947512, ""markov2"": 0.24930767301244164, ""markov3"": 0.23481302679690286}"
202609252860,2026-09-25T23:49:53+07:00,233,0.46343317324144917,0.5365668267585508,0.5143005917273312,0.48569940827266883,0.20766300257502357,Nhỏ,0.5365668267585508,LOW,BALANCED,OK,0.20212743243600703,0.04193560114523463,1,2026-09-25T23:50:23+07:00,"{""rolling"": 0.2643531219795171, ""markov1"": 0.25096754199764565, ""markov2"": 0.24942114069849775, ""markov3"": 0.23525819532433953}"
202609252861,2026-09-25T23:50:23+07:00,234,0.4962613719466551,0.5037386280533448,0.5068853291868243,0.49311467081317556,0.21259016102968809,Nhỏ,0.5037386280533448,LOW,BALANCED,OK,0.18514011156022425,0.04510475582264979,2,2026-09-25T23:50:53+07:00,"{""rolling"": 0.26404869994250496, ""markov1"": 0.25079719423463465, ""markov2"": 0.2494830101406424, ""markov3"": 0.2356710956822181}"
202609252862,2026-09-25T23:50:53+07:00,235,0.48712652243511756,0.5128734775648826,0.5238398983375332,0.4761601016624668,0.183204251057884,Nhỏ,0.5128734775648826,LOW,BALANCED,OK,0.1812232386453841,0.041064710093028055,8,2026-09-25T23:51:23+07:00,"{""rolling"": 0.26417801469827856, ""markov1"": 0.2506488106290162, ""markov2"": 0.2494208851571479, ""markov3"": 0.2357522895155572}"
202609252863,2026-09-25T23:51:23+07:00,236,0.5111511225757089,0.488848877424291,0.5073279649484281,0.4926720350515718,0.19708859988634445,Lớn,0.5111511225757089,LOW,BALANCED,OK,0.18011192238207888,0.04455958985207889,2,2026-09-25T23:51:53+07:00,"{""rolling"": 0.26429280253264475, ""markov1"": 0.24935745019818178, ""markov2"": 0.24991165265755533, ""markov3"": 0.2364380946116182}"
202609252864,2026-09-25T23:51:53+07:00,237,0.4691746121116349,0.5308253878883651,0.535478086709686,0.464521913290314,0.19344199722554534,Nhỏ,0.5308253878883651,LOW,BALANCED,OK,0.21875025342631707,0.04799040994563492,2,2026-09-25T23:52:23+07:00,"{""rolling"": 0.2644049192211684, ""markov1"": 0.24938082300858652, ""markov2"": 0.2497850392372826, ""markov3"": 0.23642921853296248}"
202609252865,2026-09-25T23:52:23+07:00,238,0.4576050234890452,0.5423949765109549,0.5184919551212918,0.48150804487870824,0.18093054035521533,Nhỏ,0.5423949765109549,LOW,BALANCED,OK,0.2104323386358456,0.05106474718772251,7,2026-09-25T23:52:53+07:00,"{""rolling"": 0.2647026234280661, ""markov1"": 0.24933462858351907, ""markov2"": 0.24948012781190027, ""markov3"": 0.23648262017651456}"
202609252866,2026-09-25T23:52:54+07:00,239,0.49145482828823067,0.5085451717117695,0.4759077229927359,0.5240922770072642,0.18569372672982776,Nhỏ,0.5085451717117695,LOW,BALANCED,OK,0.23801625558442746,0.046764314407297294,0,2026-09-25T23:53:23+07:00,"{""rolling"": 0.2643575880569985, ""markov1"": 0.24885540192060307, ""markov2"": 0.24962072075032238, ""markov3"": 0.23716628927207617}"
202609252867,2026-09-25T23:53:23+07:00,240,0.4972002931931144,0.5027997068068857,0.5006505608762742,0.49934943912372587,0.2173949661101844,Nhỏ,0.5027997068068857,LOW,BALANCED,OK,0.23665535758554984,0.04289223424402019,2,2026-09-25T23:53:53+07:00,"{""rolling"": 0.26405993342388845, ""markov1"": 0.24879027233631207, ""markov2"": 0.24972834164815827, ""markov3"": 0.2374214525916412}"
202609252868,2026-09-25T23:53:54+07:00,241,0.45494374520398584,0.5450562547960142,0.5073308840794257,0.4926691159205743,0.17857414784107586,Nhỏ,0.5450562547960142,LOW,BALANCED,OK,0.2414523743607051,0.03903443047661202,2,2026-09-25T23:54:23+07:00,"{""rolling"": 0.2643178934556565, ""markov1"": 0.24904686098445064, ""markov2"": 0.24921389911470712, ""markov3"": 0.23742134644518575}"
202609252869,2026-09-25T23:54:23+07:00,242,0.45851263109369694,0.5414873689063032,0.5038754844817654,0.49612451551823467,0.17461171726691474,Nhỏ,0.5414873689063032,LOW,BALANCED,OK,0.2641325567032833,0.041984141928579216,8,2026-09-25T23:54:53+07:00,"{""rolling"": 0.26438154336513475, ""markov1"": 0.2489641419899693, ""markov2"": 0.24956449232486577, ""markov3"": 0.23708982232003023}"
202609252870,2026-09-25T23:54:54+07:00,243,0.49774666564029457,0.5022533343597054,0.5233785254742263,0.47662147452577386,0.19336782051640958,Nhỏ,0.5022533343597054,LOW,BALANCED,OK,0.2770956454897753,0.03787518762692513,1,2026-09-25T23:55:23+07:00,"{""rolling"": 0.2645377569081184, ""markov1"": 0.24835325449392548, ""markov2"": 0.24963048884386202, ""markov3"": 0.23747849975409407}"
202609252871,2026-09-25T23:55:23+07:00,244,0.5068170098543037,0.4931829901456964,0.499271030238288,0.5007289697617121,0.19597082339157257,Lớn,0.5068170098543037,LOW,BALANCED,OK,0.24345895642583149,0.03412958026142011,2,2026-09-25T23:55:54+07:00,"{""rolling"": 0.264344885846321, ""markov1"": 0.2478273979448012, ""markov2"": 0.2499120819243178, ""markov3"": 0.23791563428456008}"
202609252872,2026-09-25T23:55:54+07:00,245,0.4958055214798014,0.5041944785201987,0.5427681651700933,0.4572318348299068,0.1754254167802577,Nhỏ,0.5041944785201987,LOW,BALANCED,OK,0.27170142502559946,0.037412131855815156,2,2026-09-25T23:56:23+07:00,"{""rolling"": 0.26465331678643605, ""markov1"": 0.24796499264100358, ""markov2"": 0.24952946881456894, ""markov3"": 0.23785222175799142}"
202609252873,2026-09-25T23:56:23+07:00,246,0.47138429862587383,0.5286157013741263,0.5254653969511197,0.47453460304888034,0.1723390650603659,Nhỏ,0.5286157013741263,LOW,BALANCED,OK,0.27903059924549956,0.03373476872936262,4,2026-09-25T23:56:53+07:00,"{""rolling"": 0.2650731623024194, ""markov1"": 0.24836084069460593, ""markov2"": 0.24878095096444525, ""markov3"": 0.2377850460385294}"
202609252874,2026-09-25T23:56:53+07:00,247,0.5052255635317267,0.49477443646827335,0.5212050243479351,0.4787949756520649,0.19203887600461444,Lớn,0.5052255635317267,LOW,BALANCED,OK,0.302321433176229,0.03673236824920172,1,2026-09-25T23:57:23+07:00,"{""rolling"": 0.2647155882279389, ""markov1"": 0.2484441343408601, ""markov2"": 0.24908996335045408, ""markov3"": 0.23775031408074673}"
202609252875,2026-09-25T23:57:24+07:00,248,0.48204950524494483,0.5179504947550551,0.5046511736966586,0.4953488263033414,0.19208503391513504,Nhỏ,0.5179504947550551,LOW,BALANCED,OK,0.31316300065750624,0.03991939678853864,1,2026-09-25T23:57:53+07:00,"{""rolling"": 0.2647335713152035, ""markov1"": 0.24814885822177113, ""markov2"": 0.24907103645211612, ""markov3"": 0.23804653401090925}"
202609252876,2026-09-25T23:57:53+07:00,249,0.4928764317189879,0.5071235682810121,0.5152683957617807,0.48473160423821937,0.19070792576940665,Nhỏ,0.5071235682810121,LOW,BALANCED,OK,0.34057724699367287,0.03639257988290698,9,2026-09-25T23:58:23+07:00,"{""rolling"": 0.2647412333478178, ""markov1"": 0.24767644854145476, ""markov2"": 0.2492280269140671, ""markov3"": 0.23835429119666018}"
202609252877,2026-09-25T23:58:24+07:00,250,0.4843168046154659,0.5156831953845341,0.4910848961566286,0.5089151038433715,0.20496414624523618,Nhỏ,0.5156831953845341,LOW,BALANCED,OK,0.3065006357745439,0.03955184826141775,9,2026-09-25T23:58:53+07:00,"{""rolling"": 0.26417075045830674, ""markov1"": 0.24842240637768015, ""markov2"": 0.24907052414254113, ""markov3"": 0.23833631902147198}"
202609252878,2026-09-25T23:58:53+07:00,251,0.4869677527267742,0.5130322472732259,0.4862518137488132,0.5137481862511869,0.1829694024163952,Nhỏ,0.5130322472732259,LOW,BALANCED,OK,0.3096919851792853,0.04272605724223852,9,2026-09-25T23:59:24+07:00,"{""rolling"": 0.26400306775754356, ""markov1"": 0.2488018148220517, ""markov2"": 0.24862853934639922, ""markov3"": 0.23856657807400558}"
202609252879,2026-09-25T23:59:24+07:00,252,0.4904554663286863,0.5095445336713138,0.46944672063405346,0.5305532793659467,0.176605776771251,Nhỏ,0.5095445336713138,LOW,BALANCED,OK,0.33000239517322405,0.04584066777224508,3,2026-09-25T23:59:53+07:00,"{""rolling"": 0.26356962785785215, ""markov1"": 0.24915136933489726, ""markov2"": 0.24884325260550474, ""markov3"": 0.2384357502017459}"
202609252880,2026-09-25T23:59:53+07:00,253,0.45932857889244394,0.5406714211075561,0.4516958806302662,0.5483041193697337,0.2105898062872307,Nhỏ,0.5406714211075561,LOW,BALANCED,OK,0.3742934551986379,0.042312403732107276,0,2026-09-26T00:00:23+07:00,"{""rolling"": 0.2633990586295179, ""markov1"": 0.24878527608348788, ""markov2"": 0.24886026509607956, ""markov3"": 0.23895540019091455}"
202609260001,2026-09-26T00:00:23+07:00,254,0.45166467056697734,0.5483353294330228,0.4977215115534483,0.5022784884465519,0.21167694476429608,Nhỏ,0.5483353294330228,LOW,BALANCED,OK,0.39995411923581436,0.0450379996481879,,,"{""rolling"": 0.26313371607523167, ""markov1"": 0.2490646495505631, ""markov2"": 0.24877932257217472, ""markov3"": 0.23902231180203054}"
